"STATION","NAME","DATE","AWND","PGTM","PRCP","TAVG","TMAX","TMIN","WDF2","WDF5","WSF2","WSF5","WT01","WT02","WT03","WT05","WT08"
"USW00023234","SAN FRANCISCO INTERNATIONAL AIRPORT, CA US","2021-01-01","4.03",,"0.00","50","60","43","  280","  280","19.9","23.0","    1",,,,"    1"
"USW00023234","SAN FRANCISCO INTERNATIONAL AIRPORT, CA US","2021-01-02","2.91",,"0.19","51","54","50","  160","  160","13.0","14.1","    1",,,,"    1"
"USW00023234","SAN FRANCISCO INTERNATIONAL AIRPORT, CA US","2021-01-03","2.46",,"0.00","52","53","49","  280","  280","8.9","10.1","    1","    1",,,"    1"
"USW00023234","SAN FRANCISCO INTERNATIONAL AIRPORT, CA US","2021-01-04","11.41",,"0.30","55","62","51","  230","  220","29.1","38.0","    1",,,,"    1"
"USW00023234","SAN FRANCISCO INTERNATIONAL AIRPORT, CA US","2021-01-05","3.80",,"0.00","52","58","45","  290","  280","12.1","13.0","    1",,,,"    1"
"USW00023234","SAN FRANCISCO INTERNATIONAL AIRPORT, CA US","2021-01-06","2.91",,"0.02","48","56","42","   70","   70","16.1","17.0","    1",,,,"    1"
"USW00023234","SAN FRANCISCO INTERNATIONAL AIRPORT, CA US","2021-01-07","4.92",,"0.00","51","58","44","   80","   70","14.1","15.0","    1",,,,"    1"
"USW00023234","SAN FRANCISCO INTERNATIONAL AIRPORT, CA US","2021-01-08","4.03",,"0.00","53","58","48","  130","  130","14.1","15.0","    1",,,,"    1"
"USW00023234","SAN FRANCISCO INTERNATIONAL AIRPORT, CA US","2021-01-09","4.47",,"0.00","51","61","42","  290","  290","16.1","18.1","    1","    1",,,"    1"
"USW00023234","SAN FRANCISCO INTERNATIONAL AIRPORT, CA US","2021-01-10","4.25",,"0.00","51","58","43","   20","   20","15.0","17.0",,,,,"    1"
"USW00023234","SAN FRANCISCO INTERNATIONAL AIRPORT, CA US","2021-01-11","4.70",,"0.00","52","61","45","  290","  290","17.0","21.0","    1",,,,"    1"
"USW00023234","SAN FRANCISCO INTERNATIONAL AIRPORT, CA US","2021-01-12","2.01",,"0.00","53","58","49","   40","  160","8.1","10.1","    1",,,,"    1"
"USW00023234","SAN FRANCISCO INTERNATIONAL AIRPORT, CA US","2021-01-13","3.13",,"0.00","56","68","50","  150","  150","13.0","13.0","    1",,,,"    1"
"USW00023234","SAN FRANCISCO INTERNATIONAL AIRPORT, CA US","2021-01-14","5.37",,"0.00","56","69","50","  290","  300","19.9","23.0","    1",,,,"    1"
"USW00023234","SAN FRANCISCO INTERNATIONAL AIRPORT, CA US","2021-01-15","2.91",,"0.00","54","63","47","   10","   10","8.9","10.1","    1",,,,"    1"
"USW00023234","SAN FRANCISCO INTERNATIONAL AIRPORT, CA US","2021-01-16","5.59",,"0.00","57","67","49","  300","  300","23.0","27.1","    1",,,,
"USW00023234","SAN FRANCISCO INTERNATIONAL AIRPORT, CA US","2021-01-17","4.03",,"0.00","56","74","48","  300","  310","16.1","19.0",,,,,"    1"
"USW00023234","SAN FRANCISCO INTERNATIONAL AIRPORT, CA US","2021-01-18","10.29",,"0.00","60","74","50","   10","   10","30.0","34.0",,,,,
"USW00023234","SAN FRANCISCO INTERNATIONAL AIRPORT, CA US","2021-01-19","23.71",,"0.00","62","66","49","   30","   30","45.0","53.9",,,,,"    1"
"USW00023234","SAN FRANCISCO INTERNATIONAL AIRPORT, CA US","2021-01-20","5.59",,"0.00","55","67","47","  290","  290","14.1","16.1",,,,,"    1"
"USW00023234","SAN FRANCISCO INTERNATIONAL AIRPORT, CA US","2021-01-21","6.93",,"0.00","52","58","42","  300","  300","18.1","21.0",,,,,"    1"
"USW00023234","SAN FRANCISCO INTERNATIONAL AIRPORT, CA US","2021-01-22","8.05",,"0.07","52","55","49","  260","  260","23.9","28.0",,,,,"    1"
"USW00023234","SAN FRANCISCO INTERNATIONAL AIRPORT, CA US","2021-01-23","7.83",,"0.00","52","57","46","  270","  280","16.1","19.9",,,,,"    1"
"USW00023234","SAN FRANCISCO INTERNATIONAL AIRPORT, CA US","2021-01-24","12.75",,"0.15","51","53","46","  300","  300","32.0","38.9","    1",,,,"    1"
"USW00023234","SAN FRANCISCO INTERNATIONAL AIRPORT, CA US","2021-01-25","23.71",,"0.00","49","54","46","  300","  310","36.0","46.1",,,,,"    1"
"USW00023234","SAN FRANCISCO INTERNATIONAL AIRPORT, CA US","2021-01-26","13.65",,"0.72","47","52","39","  140","  130","32.0","38.9","    1",,,,"    1"
"USW00023234","SAN FRANCISCO INTERNATIONAL AIRPORT, CA US","2021-01-27","12.53",,"0.77","51","55","47","  220","  210","31.1","38.9","    1",,,,"    1"
"USW00023234","SAN FRANCISCO INTERNATIONAL AIRPORT, CA US","2021-01-28","6.71",,"0.57","51","54","48","  130","  180","15.0","19.0","    1",,,,"    1"
"USW00023234","SAN FRANCISCO INTERNATIONAL AIRPORT, CA US","2021-01-29","4.25",,"0.13","49","57","43","  280","  280","12.1","13.0","    1",,,,"    1"
"USW00023234","SAN FRANCISCO INTERNATIONAL AIRPORT, CA US","2021-01-30","2.24",,"0.00","51","58","47","  220","  210","13.0","16.1",,,,,"    1"
"USW00023234","SAN FRANCISCO INTERNATIONAL AIRPORT, CA US","2021-01-31","2.68",,"0.00","55","61","50","   30","  360","6.9","8.1",,,,,"    1"
"USW00023234","SAN FRANCISCO INTERNATIONAL AIRPORT, CA US","2021-02-01","9.62",,"0.35","55","65","48","  200","  210","23.9","29.1","    1",,,,"    1"
"USW00023234","SAN FRANCISCO INTERNATIONAL AIRPORT, CA US","2021-02-02","6.49",,"0.18","57","61","51","  280","  280","14.1","17.0","    1",,,,"    1"
"USW00023234","SAN FRANCISCO INTERNATIONAL AIRPORT, CA US","2021-02-03","8.28",,"0.00","52","59","43","  280","  290","18.1","29.1",,,,,"    1"
"USW00023234","SAN FRANCISCO INTERNATIONAL AIRPORT, CA US","2021-02-04","6.26",,"0.00","53","62","45","   30","  290","16.1","18.1",,,,,
"USW00023234","SAN FRANCISCO INTERNATIONAL AIRPORT, CA US","2021-02-05","4.92",,"0.00","52","67","43","  300","  290","23.0","25.9",,,,,"    1"
"USW00023234","SAN FRANCISCO INTERNATIONAL AIRPORT, CA US","2021-02-06","5.59",,"0.00","53","67","44","  300","  300","21.0","23.0","    1",,,,"    1"
"USW00023234","SAN FRANCISCO INTERNATIONAL AIRPORT, CA US","2021-02-07","6.26",,"0.00","53","67","44","  290","  290","18.1","21.0","    1",,,,"    1"
"USW00023234","SAN FRANCISCO INTERNATIONAL AIRPORT, CA US","2021-02-08","6.71",,"0.00","52","58","43","  270","  270","18.1","21.9","    1",,,,"    1"
"USW00023234","SAN FRANCISCO INTERNATIONAL AIRPORT, CA US","2021-02-09","6.26",,"0.00","54","60","51","  300","  300","17.0","19.0",,,,,"    1"
"USW00023234","SAN FRANCISCO INTERNATIONAL AIRPORT, CA US","2021-02-10","8.50",,"0.00","54","62","49","  280","  290","21.9","25.9",,,,,"    1"
"USW00023234","SAN FRANCISCO INTERNATIONAL AIRPORT, CA US","2021-02-11","7.61",,"0.43","53","57","45","  270","  270","29.1","38.9","    1",,,,"    1"
"USW00023234","SAN FRANCISCO INTERNATIONAL AIRPORT, CA US","2021-02-12","17.22",,"0.00","55","60","51","  290","  290","29.1","35.1","    1",,,,"    1"
"USW00023234","SAN FRANCISCO INTERNATIONAL AIRPORT, CA US","2021-02-13","18.12",,"0.05","55","60","50","  290","  290","36.0","42.1","    1",,,,"    1"
"USW00023234","SAN FRANCISCO INTERNATIONAL AIRPORT, CA US","2021-02-14","9.17",,"0.01","53","58","50","  300","  300","23.0","28.0","    1",,,,"    1"
"USW00023234","SAN FRANCISCO INTERNATIONAL AIRPORT, CA US","2021-02-15","11.86",,"0.14","56","59","52","  280","  290","30.0","35.1","    1",,,,"    1"
"USW00023234","SAN FRANCISCO INTERNATIONAL AIRPORT, CA US","2021-02-16","14.99",,"0.00","53","58","49","  290","  290","25.9","32.0","    1",,,,"    1"
"USW00023234","SAN FRANCISCO INTERNATIONAL AIRPORT, CA US","2021-02-17","8.95",,"0.00","52","64","44","  360","  340","18.1","21.9","    1",,,,"    1"
"USW00023234","SAN FRANCISCO INTERNATIONAL AIRPORT, CA US","2021-02-18","4.25",,"0.00","52","65","43","  300","  300","17.0","19.0",,,,,
"USW00023234","SAN FRANCISCO INTERNATIONAL AIRPORT, CA US","2021-02-19","8.95",,"0.03","56","60","51","  280","  270","21.0","23.9","    1",,,,"    1"
"USW00023234","SAN FRANCISCO INTERNATIONAL AIRPORT, CA US","2021-02-20","15.66",,"0.06","54","60","50","  270","  300","29.1","36.0","    1",,,,
"USW00023234","SAN FRANCISCO INTERNATIONAL AIRPORT, CA US","2021-02-21","5.59",,"0.00","53","64","44","  280","  280","19.9","21.9",,,,,"    1"
"USW00023234","SAN FRANCISCO INTERNATIONAL AIRPORT, CA US","2021-02-22","4.92",,"0.00","56","72","46","  290","  280","21.0","23.9",,,,,
"USW00023234","SAN FRANCISCO INTERNATIONAL AIRPORT, CA US","2021-02-23","8.50",,"0.00","59","76","50","  290","  290","23.9","27.1",,,,,"    1"
"USW00023234","SAN FRANCISCO INTERNATIONAL AIRPORT, CA US","2021-02-24","8.05",,"0.00","57","71","49","  290","  340","17.0","21.9",,,,,
"USW00023234","SAN FRANCISCO INTERNATIONAL AIRPORT, CA US","2021-02-25","11.18",,"0.00","60","66","50","  290","  280","21.9","29.1",,,,,"    1"
"USW00023234","SAN FRANCISCO INTERNATIONAL AIRPORT, CA US","2021-02-26","16.55",,"0.00","54","61","47","  290","  290","32.0","38.9",,,,,"    1"
"USW00023234","SAN FRANCISCO INTERNATIONAL AIRPORT, CA US","2021-02-27","11.86",,"0.00","52","61","45","  290","  300","28.0","33.1",,,,,"    1"
"USW00023234","SAN FRANCISCO INTERNATIONAL AIRPORT, CA US","2021-02-28","6.26"," 1643","0.00","55","69","48","  290","  290","21.0","21.9",,,,,"    1"
"USW00023234","SAN FRANCISCO INTERNATIONAL AIRPORT, CA US","2021-03-01","6.04",,"0.00","55","69","45","  200","  200","23.9","28.0",,,,,
"USW00023234","SAN FRANCISCO INTERNATIONAL AIRPORT, CA US","2021-03-02","8.05",,"0.00","55","65","44","  280","  290","18.1","19.9",,,,,"    1"
"USW00023234","SAN FRANCISCO INTERNATIONAL AIRPORT, CA US","2021-03-03","5.82",,"0.00","55","64","48","  230","  230","19.9","21.9",,,,,
"USW00023234","SAN FRANCISCO INTERNATIONAL AIRPORT, CA US","2021-03-04","5.82",,"0.00","53","63","45","  240","  230","21.0","23.9",,,,,
"USW00023234","SAN FRANCISCO INTERNATIONAL AIRPORT, CA US","2021-03-05","9.62",,"0.21","55","65","46","  290","  270","35.1","47.0",,,,,"    1"
"USW00023234","SAN FRANCISCO INTERNATIONAL AIRPORT, CA US","2021-03-06","11.86",,"0.01","55","58","47","  280","  280","23.9","28.0","    1",,,,"    1"
"USW00023234","SAN FRANCISCO INTERNATIONAL AIRPORT, CA US","2021-03-07","9.84",,"0.00","52","60","44","  270","  310","18.1","23.9",,,,,
"USW00023234","SAN FRANCISCO INTERNATIONAL AIRPORT, CA US","2021-03-08","11.18",,"0.00","53","59","45","  210","  210","21.0","25.9",,,,,
"USW00023234","SAN FRANCISCO INTERNATIONAL AIRPORT, CA US","2021-03-09","10.51",,"0.20","53","60","48","  220","  220","21.9","25.9",,,,,"    1"
"USW00023234","SAN FRANCISCO INTERNATIONAL AIRPORT, CA US","2021-03-10","7.38",,"0.47","50","56","45","  210","  210","21.9","25.9","    1",,"    1",,"    1"
"USW00023234","SAN FRANCISCO INTERNATIONAL AIRPORT, CA US","2021-03-11","10.07",,"0.09","49","59","43","  290","  290","25.9","31.1","    1",,,,
"USW00023234","SAN FRANCISCO INTERNATIONAL AIRPORT, CA US","2021-03-12","9.62",,"0.00","52","65","43","  280","  280","23.0","27.1",,,,,
"USW00023234","SAN FRANCISCO INTERNATIONAL AIRPORT, CA US","2021-03-13","12.97",,"0.00","53","56","50","  270","  280","23.0","28.0",,,,,
"USW00023234","SAN FRANCISCO INTERNATIONAL AIRPORT, CA US","2021-03-14","12.30",,"0.17","53","58","47","  190","  290","25.9","31.1","    1",,,,"    1"
"USW00023234","SAN FRANCISCO INTERNATIONAL AIRPORT, CA US","2021-03-15","18.79",,"0.03","50","55","45","  280","  280","38.9","48.1",,,,,
"USW00023234","SAN FRANCISCO INTERNATIONAL AIRPORT, CA US","2021-03-16","9.62",,"0.00","50","57","43","  270","  280","19.9","23.9",,,,,
"USW00023234","SAN FRANCISCO INTERNATIONAL AIRPORT, CA US","2021-03-17","5.82",,"0.00","49","56","43","  210","  220","14.1","18.1",,,,,
"USW00023234","SAN FRANCISCO INTERNATIONAL AIRPORT, CA US","2021-03-18","8.50",,"0.16","53","58","51","  180","  190","23.0","29.1","    1",,,,"    1"
"USW00023234","SAN FRANCISCO INTERNATIONAL AIRPORT, CA US","2021-03-19","8.05",,"0.01","56","61","51","  290","  290","18.1","23.0","    1",,,,"    1"
"USW00023234","SAN FRANCISCO INTERNATIONAL AIRPORT, CA US","2021-03-20","14.32",,"0.03","54","58","48","  280","  280","28.0","35.1",,,,,
"USW00023234","SAN FRANCISCO INTERNATIONAL AIRPORT, CA US","2021-03-21","13.42",,"0.00","52","61","44","  270","  270","31.1","36.9",,,,,
"USW00023234","SAN FRANCISCO INTERNATIONAL AIRPORT, CA US","2021-03-22","19.69",,"0.00","53","61","49","  280","  280","33.1","40.9",,,,,
"USW00023234","SAN FRANCISCO INTERNATIONAL AIRPORT, CA US","2021-03-23","16.33",,"0.00","55","66","47","  360","  350","28.0","33.1",,,,,
"USW00023234","SAN FRANCISCO INTERNATIONAL AIRPORT, CA US","2021-03-24","13.42",,"0.00","62","69","51","  290","  280","33.1","40.0",,,,,"    1"
"USW00023234","SAN FRANCISCO INTERNATIONAL AIRPORT, CA US","2021-03-25","18.79",,"0.00","54","60","48","  290","  290","35.1","40.9",,,,,"    1"
"USW00023234","SAN FRANCISCO INTERNATIONAL AIRPORT, CA US","2021-03-26","7.16",,"0.00","54","71","45","  280","  270","23.0","27.1",,,,,"    1"
"USW00023234","SAN FRANCISCO INTERNATIONAL AIRPORT, CA US","2021-03-27","8.05",,"0.00","57","77","46","  290","  290","19.9","21.9",,,,,
"USW00023234","SAN FRANCISCO INTERNATIONAL AIRPORT, CA US","2021-03-28","10.51",,"0.00","58","68","48","  300","  300","28.0","30.0",,,,,
"USW00023234","SAN FRANCISCO INTERNATIONAL AIRPORT, CA US","2021-03-29","13.20",,"0.00","53","63","48","  270","  280","21.9","30.0",,,,,
"USW00023234","SAN FRANCISCO INTERNATIONAL AIRPORT, CA US","2021-03-30","4.92",,"0.00","59","77","49","  280","  280","19.9","23.0",,,,,
"USW00023234","SAN FRANCISCO INTERNATIONAL AIRPORT, CA US","2021-03-31","5.82",,"0.00","64","81","54","  290","  280","13.0","14.1",,,,,
"USW00023234","SAN FRANCISCO INTERNATIONAL AIRPORT, CA US","2021-04-01","6.71",,"0.00","66","84","54","  300","  280","23.0","25.9",,,,,"    1"
"USW00023234","SAN FRANCISCO INTERNATIONAL AIRPORT, CA US","2021-04-02","14.54",,"0.00","60","70","50","  300","  280","25.1","30.0",,,,,"    1"
"USW00023234","SAN FRANCISCO INTERNATIONAL AIRPORT, CA US","2021-04-03","11.41",,"0.00","55","63","51","  290","  280","23.0","28.0",,,,,
"USW00023234","SAN FRANCISCO INTERNATIONAL AIRPORT, CA US","2021-04-04","12.97",,"0.00","56","62","52","  290","  290","23.9","28.0",,,,,
"USW00023234","SAN FRANCISCO INTERNATIONAL AIRPORT, CA US","2021-04-05","11.86",,"0.00","54","57","52","  280","  280","19.9","23.9",,,,,"    1"
"USW00023234","SAN FRANCISCO INTERNATIONAL AIRPORT, CA US","2021-04-06","12.30",,"0.00","54","63","50","  280","  280","25.9","32.0",,,,,"    1"
"USW00023234","SAN FRANCISCO INTERNATIONAL AIRPORT, CA US","2021-04-07","16.55",,"0.00","54","59","50","  280","  280","31.1","36.0",,,,,
"USW00023234","SAN FRANCISCO INTERNATIONAL AIRPORT, CA US","2021-04-08","17.22",,"0.00","54","62","51","  280","  270","25.1","31.1",,,,,
"USW00023234","SAN FRANCISCO INTERNATIONAL AIRPORT, CA US","2021-04-09","21.92",,"0.00","54","59","50","  280","  280","35.1","38.9",,,,,
"USW00023234","SAN FRANCISCO INTERNATIONAL AIRPORT, CA US","2021-04-10","15.43",,"0.00","54","64","49","  280","  270","30.0","34.0",,,,,
"USW00023234","SAN FRANCISCO INTERNATIONAL AIRPORT, CA US","2021-04-11","9.84",,"0.00","55","68","48","  280","  280","32.0","36.0",,,,,
"USW00023234","SAN FRANCISCO INTERNATIONAL AIRPORT, CA US","2021-04-12","10.74",,"0.00","55","66","48","  300","  300","23.0","28.0",,,,,
"USW00023234","SAN FRANCISCO INTERNATIONAL AIRPORT, CA US","2021-04-13","16.11",,"0.00","55","61","51","  270","  270","36.0","40.0",,,,,
"USW00023234","SAN FRANCISCO INTERNATIONAL AIRPORT, CA US","2021-04-14","8.05",,"0.00","56","69","49","  270","  270","21.9","27.1",,,,,
"USW00023234","SAN FRANCISCO INTERNATIONAL AIRPORT, CA US","2021-04-15","10.51",,"0.00","56","65","47","  290","  300","21.9","27.1",,,,,
"USW00023234","SAN FRANCISCO INTERNATIONAL AIRPORT, CA US","2021-04-16","14.54",,"0.00","54","60","48","  280","  290","25.9","32.0",,,,,
"USW00023234","SAN FRANCISCO INTERNATIONAL AIRPORT, CA US","2021-04-17","15.21",,"0.00","54","62","51","  290","  290","30.0","34.0",,,,,
"USW00023234","SAN FRANCISCO INTERNATIONAL AIRPORT, CA US","2021-04-18","11.63",,"0.00","58","76","48","  290","  290","30.0","35.1",,,,,
"USW00023234","SAN FRANCISCO INTERNATIONAL AIRPORT, CA US","2021-04-19","14.76",,"0.00","56","63","50","  280","  280","30.0","38.9",,,,,
"USW00023234","SAN FRANCISCO INTERNATIONAL AIRPORT, CA US","2021-04-20","19.91",,"0.00","55","60","53","  280","  270","48.1","57.9",,,,,
"USW00023234","SAN FRANCISCO INTERNATIONAL AIRPORT, CA US","2021-04-21","9.17",,"0.00","56","64","51","  270","  270","25.9","31.1",,,,,
"USW00023234","SAN FRANCISCO INTERNATIONAL AIRPORT, CA US","2021-04-22","10.74",,"0.00","55","62","50","  280","  270","25.9","30.0",,,,,"    1"
"USW00023234","SAN FRANCISCO INTERNATIONAL AIRPORT, CA US","2021-04-23","10.51",,"0.00","56","68","52","  280","  280","25.9","31.1",,,,,"    1"
"USW00023234","SAN FRANCISCO INTERNATIONAL AIRPORT, CA US","2021-04-24","9.17",,"0.00","56","66","51","  270","  270","21.9","23.9","    1",,,,"    1"
"USW00023234","SAN FRANCISCO INTERNATIONAL AIRPORT, CA US","2021-04-25","10.07",,"0.00","56","60","51","  210","  210","23.0","28.0",,,,,"    1"
"USW00023234","SAN FRANCISCO INTERNATIONAL AIRPORT, CA US","2021-04-26","14.76",,"0.00","55","62","49","  280","  280","28.0","34.0",,,,,"    1"
"USW00023234","SAN FRANCISCO INTERNATIONAL AIRPORT, CA US","2021-04-27","11.86",,"0.00","56","70","48","  280","  280","31.1","36.9",,,,,"    1"
"USW00023234","SAN FRANCISCO INTERNATIONAL AIRPORT, CA US","2021-04-28","10.29",,"0.00","61","83","50","  290","  290","25.9","30.0",,,,,"    1"
"USW00023234","SAN FRANCISCO INTERNATIONAL AIRPORT, CA US","2021-04-29","15.88",,"0.00","59","63","52","  290","  290","29.1","34.0",,,,,"    1"
"USW00023234","SAN FRANCISCO INTERNATIONAL AIRPORT, CA US","2021-04-30","15.88"," 1411","0.00","57","62","53","  280","  280","29.1","35.1",,,,,
"USW00023234","SAN FRANCISCO INTERNATIONAL AIRPORT, CA US","2021-05-01","21.03",,"0.00","56","61","53","  280","  280","44.1","53.9","    1",,,,"    1"
"USW00023234","SAN FRANCISCO INTERNATIONAL AIRPORT, CA US","2021-05-02","21.25",,"0.00","57","67","52","  280","  290","40.0","48.1",,,,,"    1"
"USW00023234","SAN FRANCISCO INTERNATIONAL AIRPORT, CA US","2021-05-03","12.75",,"0.00","60","77","50","  280","  280","31.1","35.1",,,,,"    1"
"USW00023234","SAN FRANCISCO INTERNATIONAL AIRPORT, CA US","2021-05-04","15.21",,"0.00","62","72","54","  290","  300","30.0","34.0",,,,,"    1"
"USW00023234","SAN FRANCISCO INTERNATIONAL AIRPORT, CA US","2021-05-05","13.42",,"0.00","59","70","51","  290","  290","33.1","36.9",,,,,"    1"
"USW00023234","SAN FRANCISCO INTERNATIONAL AIRPORT, CA US","2021-05-06","17.67",,"0.00","55","64","50","  280","  270","32.0","38.9",,,,,"    1"
"USW00023234","SAN FRANCISCO INTERNATIONAL AIRPORT, CA US","2021-05-07","19.01",,"0.00","57","66","52","  280","  280","35.1","42.9",,,,,"    1"
"USW00023234","SAN FRANCISCO INTERNATIONAL AIRPORT, CA US","2021-05-08","14.54",,"0.00","61","79","50","  280","  280","31.1","35.1",,,,,"    1"
"USW00023234","SAN FRANCISCO INTERNATIONAL AIRPORT, CA US","2021-05-09","17.67",,"0.00","63","76","54","  280","  280","32.0","36.9",,,,,"    1"
"USW00023234","SAN FRANCISCO INTERNATIONAL AIRPORT, CA US","2021-05-10","10.96",,"0.00","62","84","52","  290","  280","28.0","32.0",,,,,"    1"
"USW00023234","SAN FRANCISCO INTERNATIONAL AIRPORT, CA US","2021-05-11","11.86",,"0.00","62","72","51","  300","  300","25.1","29.1","    1",,,,"    1"
"USW00023234","SAN FRANCISCO INTERNATIONAL AIRPORT, CA US","2021-05-12","12.53",,"0.00","57","68","50","  300","  300","25.1","30.0","    1",,,,"    1"
"USW00023234","SAN FRANCISCO INTERNATIONAL AIRPORT, CA US","2021-05-13","11.86",,"0.00","57","68","52","  300","  290","23.9","30.0",,,,,"    1"
"USW00023234","SAN FRANCISCO INTERNATIONAL AIRPORT, CA US","2021-05-14","16.11",,"0.00","55","61","52","  260","  270","33.1","40.0",,,,,"    1"
"USW00023234","SAN FRANCISCO INTERNATIONAL AIRPORT, CA US","2021-05-15","10.07",,"0.00","55","64","52","  270","  260","25.1","31.1","    1",,,,"    1"
"USW00023234","SAN FRANCISCO INTERNATIONAL AIRPORT, CA US","2021-05-16","10.29",,"0.00","58","67","53","  270","  270","21.9","28.0",,,,,
"USW00023234","SAN FRANCISCO INTERNATIONAL AIRPORT, CA US","2021-05-17","14.76",,"0.00","57","62","53","  270","  280","28.0","35.1",,,,,
"USW00023234","SAN FRANCISCO INTERNATIONAL AIRPORT, CA US","2021-05-18","18.12",,"0.00","58","68","54","  280","  280","36.9","45.0",,,,,
"USW00023234","SAN FRANCISCO INTERNATIONAL AIRPORT, CA US","2021-05-19","30.20",,"0.00","57","62","52","  280","  280","48.1","57.0",,,,,
"USW00023234","SAN FRANCISCO INTERNATIONAL AIRPORT, CA US","2021-05-20","21.03",,"0.00","56","65","50","  280","  280","38.9","45.0",,,,,
"USW00023234","SAN FRANCISCO INTERNATIONAL AIRPORT, CA US","2021-05-21","17.90",,"0.00","56","64","51","  270","  270","32.0","38.9",,,,,
"USW00023234","SAN FRANCISCO INTERNATIONAL AIRPORT, CA US","2021-05-22","10.51",,"0.00","58","70","49","  270","  280","25.9","31.1",,,,,
"USW00023234","SAN FRANCISCO INTERNATIONAL AIRPORT, CA US","2021-05-23","14.54",,"0.00","58","65","53","  280","  280","25.9","31.1",,,,,
"USW00023234","SAN FRANCISCO INTERNATIONAL AIRPORT, CA US","2021-05-24","19.01",,"0.00","56","65","51","  280","  280","36.0","44.1",,,,,
"USW00023234","SAN FRANCISCO INTERNATIONAL AIRPORT, CA US","2021-05-25","18.79",,"0.00","59","65","54","  270","  270","31.1","38.0",,,,,
"USW00023234","SAN FRANCISCO INTERNATIONAL AIRPORT, CA US","2021-05-26","14.76",,"0.00","58","66","52","  270","  270","33.1","42.1",,,,,
"USW00023234","SAN FRANCISCO INTERNATIONAL AIRPORT, CA US","2021-05-27","19.24",,"0.00","58","68","53","  270","  280","36.9","46.1",,,,,
"USW00023234","SAN FRANCISCO INTERNATIONAL AIRPORT, CA US","2021-05-28","13.20",,"0.00","61","68","54","  270","  260","23.0","33.1",,,,,
"USW00023234","SAN FRANCISCO INTERNATIONAL AIRPORT, CA US","2021-05-29","14.54",,"0.00","57","60","54","  280","  270","23.9","31.1",,,,,
"USW00023234","SAN FRANCISCO INTERNATIONAL AIRPORT, CA US","2021-05-30","11.63",,"0.00","59","73","53","  300","  300","29.1","33.1",,,,,
"USW00023234","SAN FRANCISCO INTERNATIONAL AIRPORT, CA US","2021-05-31","10.51",,"0.00","62","76","52","  300","  300","23.9","27.1",,,,,
"USW00023234","SAN FRANCISCO INTERNATIONAL AIRPORT, CA US","2021-06-01","13.42",,"0.00","63","72","54","  300","  300","25.1","30.0",,,,,
"USW00023234","SAN FRANCISCO INTERNATIONAL AIRPORT, CA US","2021-06-02","13.87",,"0.00","59","67","53","  290","  290","25.9","31.1",,,,,
"USW00023234","SAN FRANCISCO INTERNATIONAL AIRPORT, CA US","2021-06-03","12.08",,"0.00","60","72","54","  310","  310","25.1","29.1",,,,,
"USW00023234","SAN FRANCISCO INTERNATIONAL AIRPORT, CA US","2021-06-04","12.75",,"0.00","61","68","56","  280","  290","25.1","31.1",,,,,
"USW00023234","SAN FRANCISCO INTERNATIONAL AIRPORT, CA US","2021-06-05","11.18",,"0.00","63","74","55","  300","  290","23.9","28.0",,,,,
"USW00023234","SAN FRANCISCO INTERNATIONAL AIRPORT, CA US","2021-06-06","16.78",,"0.00","62","73","55","  280","  270","40.0","48.1",,,,,
"USW00023234","SAN FRANCISCO INTERNATIONAL AIRPORT, CA US","2021-06-07","22.82",,"0.00","60","66","55","  270","  280","38.0","45.0",,,,,
"USW00023234","SAN FRANCISCO INTERNATIONAL AIRPORT, CA US","2021-06-08","16.55",,"0.00","60","67","55","  270","  280","28.0","33.1",,,,,
"USW00023234","SAN FRANCISCO INTERNATIONAL AIRPORT, CA US","2021-06-09","15.66",,"0.00","60","67","55","  270","  280","25.1","31.1",,,,,
"USW00023234","SAN FRANCISCO INTERNATIONAL AIRPORT, CA US","2021-06-10","15.88",,"0.00","61","69","55","  280","  280","32.0","36.9",,,,,
"USW00023234","SAN FRANCISCO INTERNATIONAL AIRPORT, CA US","2021-06-11","11.41",,"0.00","62","73","55","  290","  280","21.9","25.9",,,,,
"USW00023234","SAN FRANCISCO INTERNATIONAL AIRPORT, CA US","2021-06-12","12.53",,"0.00","68","78","62","  280","  280","30.0","34.0","    1",,,,
"USW00023234","SAN FRANCISCO INTERNATIONAL AIRPORT, CA US","2021-06-13","10.29",,"0.00","67","77","57","  270","  270","25.1","31.1","    1",,,,
"USW00023234","SAN FRANCISCO INTERNATIONAL AIRPORT, CA US","2021-06-14","13.87",,"0.00","68","73","60","  280","  280","30.0","38.9","    1",,,,
"USW00023234","SAN FRANCISCO INTERNATIONAL AIRPORT, CA US","2021-06-15","19.91",,"0.00","64","74","56","  280","  290","31.1","36.0",,,,,
"USW00023234","SAN FRANCISCO INTERNATIONAL AIRPORT, CA US","2021-06-16","11.86",,"0.00","68","86","58","  290","  290","31.1","36.0",,,,,
"USW00023234","SAN FRANCISCO INTERNATIONAL AIRPORT, CA US","2021-06-17","11.63",,"0.00","71","90","62","  300","  300","31.1","36.0",,,,,
"USW00023234","SAN FRANCISCO INTERNATIONAL AIRPORT, CA US","2021-06-18","11.41",,"0.00","70","84","60","  300","  300","23.0","25.9",,,,,
"USW00023234","SAN FRANCISCO INTERNATIONAL AIRPORT, CA US","2021-06-19","9.62",,"0.00","67","79","60","  320","  310","21.9","25.1",,,,,
"USW00023234","SAN FRANCISCO INTERNATIONAL AIRPORT, CA US","2021-06-20","9.84",,"0.00","65","76","58","  330","  330","23.0","23.0",,,,,
"USW00023234","SAN FRANCISCO INTERNATIONAL AIRPORT, CA US","2021-06-21","7.61",,"0.00","66","75","60","  200","  260","15.0","19.9",,,,,
"USW00023234","SAN FRANCISCO INTERNATIONAL AIRPORT, CA US","2021-06-22","11.63",,"0.00","68","76","64","  220","  210","25.9","33.1",,,,,
"USW00023234","SAN FRANCISCO INTERNATIONAL AIRPORT, CA US","2021-06-23","10.51",,"0.00","68","74","62","  230","  230","23.9","28.0",,,,,
"USW00023234","SAN FRANCISCO INTERNATIONAL AIRPORT, CA US","2021-06-24","13.65",,"0.00","66","75","61","  290","  280","25.1","29.1",,,,,
"USW00023234","SAN FRANCISCO INTERNATIONAL AIRPORT, CA US","2021-06-25","13.42",,"0.00","63","71","58","  290","  300","25.9","32.0",,,,,
"USW00023234","SAN FRANCISCO INTERNATIONAL AIRPORT, CA US","2021-06-26","15.43",,"0.00","63","70","59","  300","  300","25.9","33.1",,,,,
"USW00023234","SAN FRANCISCO INTERNATIONAL AIRPORT, CA US","2021-06-27","14.32",,"0.00","63","71","60","  290","  280","23.9","30.0",,,,,
"USW00023234","SAN FRANCISCO INTERNATIONAL AIRPORT, CA US","2021-06-28","16.11",,"0.00","62","69","59","  270","  270","29.1","34.0",,,,,
"USW00023234","SAN FRANCISCO INTERNATIONAL AIRPORT, CA US","2021-06-29","15.66",,"0.00","63","71","59","  280","  290","25.9","33.1",,,,,
"USW00023234","SAN FRANCISCO INTERNATIONAL AIRPORT, CA US","2021-06-30","14.32",,"0.00","65","72","60","  270","  270","23.9","30.0",,,,,
"USW00023234","SAN FRANCISCO INTERNATIONAL AIRPORT, CA US","2021-07-01","12.75",,"0.00","66","76","61","  280","  290","23.9","27.1",,,,,
"USW00023234","SAN FRANCISCO INTERNATIONAL AIRPORT, CA US","2021-07-02","12.30",,"0.00","66","78","60","  290","  300","28.0","32.0",,,,,
"USW00023234","SAN FRANCISCO INTERNATIONAL AIRPORT, CA US","2021-07-03","12.53",,"0.00","65","75","61","  300","  300","23.0","28.0",,,,,
"USW00023234","SAN FRANCISCO INTERNATIONAL AIRPORT, CA US","2021-07-04","9.40",,"0.00","66","77","60","  300","  300","19.9","25.1",,,,,
"USW00023234","SAN FRANCISCO INTERNATIONAL AIRPORT, CA US","2021-07-05","12.30",,"0.00","65","73","60","  300","  300","23.9","29.1",,,,,
"USW00023234","SAN FRANCISCO INTERNATIONAL AIRPORT, CA US","2021-07-06","17.00",,"0.00","63","69","59","  280","  270","32.0","40.9",,,,,"    1"
"USW00023234","SAN FRANCISCO INTERNATIONAL AIRPORT, CA US","2021-07-07","15.88",,"0.00","61","67","57","  280","  280","28.0","34.0",,,,,"    1"
"USW00023234","SAN FRANCISCO INTERNATIONAL AIRPORT, CA US","2021-07-08","9.62",,"0.00","64","74","59","  300","  300","23.9","28.0",,,,,"    1"
"USW00023234","SAN FRANCISCO INTERNATIONAL AIRPORT, CA US","2021-07-09","15.66",,"0.00","67","75","58","  300","  300","25.9","31.1",,,,,"    1"
"USW00023234","SAN FRANCISCO INTERNATIONAL AIRPORT, CA US","2021-07-10","17.67",,"0.00","63","72","57","  310","  300","25.1","32.0",,,,,
"USW00023234","SAN FRANCISCO INTERNATIONAL AIRPORT, CA US","2021-07-11","17.00",,"0.00","62","70","57","  290","  290","31.1","35.1",,,,,"    1"
"USW00023234","SAN FRANCISCO INTERNATIONAL AIRPORT, CA US","2021-07-12","15.21",,"0.00","62","69","57","  290","  270","23.0","28.0",,,,,"    1"
"USW00023234","SAN FRANCISCO INTERNATIONAL AIRPORT, CA US","2021-07-13","13.87",,"0.00","62","76","55","  270","  270","25.1","29.1",,,,,"    1"
"USW00023234","SAN FRANCISCO INTERNATIONAL AIRPORT, CA US","2021-07-14","9.62",,"0.00","60","73","55","  290","  290","23.9","25.9",,,,,"    1"
"USW00023234","SAN FRANCISCO INTERNATIONAL AIRPORT, CA US","2021-07-15","15.21",,"0.00","60","65","54","  280","  280","25.9","32.0",,,,,"    1"
"USW00023234","SAN FRANCISCO INTERNATIONAL AIRPORT, CA US","2021-07-16","10.51",,"0.00","59","70","55","  300","  300","25.1","28.0",,,,,"    1"
"USW00023234","SAN FRANCISCO INTERNATIONAL AIRPORT, CA US","2021-07-17","11.41",,"0.00","60","72","54","  300","  300","25.1","31.1",,,,,"    1"
"USW00023234","SAN FRANCISCO INTERNATIONAL AIRPORT, CA US","2021-07-18","12.97",,"0.00","62","74","55","  290","  290","30.0","34.0",,,,,"    1"
"USW00023234","SAN FRANCISCO INTERNATIONAL AIRPORT, CA US","2021-07-19","12.97",,"0.00","61","70","56","  300","  290","29.1","34.0",,,,,"    1"
"USW00023234","SAN FRANCISCO INTERNATIONAL AIRPORT, CA US","2021-07-20","12.97",,"0.00","60","66","55","  280","  290","30.0","36.9","    1",,,,"    1"
"USW00023234","SAN FRANCISCO INTERNATIONAL AIRPORT, CA US","2021-07-21","13.20",,"0.00","61","68","55","  300","  300","23.0","28.0","    1",,,,"    1"
"USW00023234","SAN FRANCISCO INTERNATIONAL AIRPORT, CA US","2021-07-22","13.87",,"0.00","60","66","55","  300","  300","25.9","30.0",,,,,"    1"
"USW00023234","SAN FRANCISCO INTERNATIONAL AIRPORT, CA US","2021-07-23","9.84",,"0.00","61","75","53","  300","  300","21.9","25.1","    1",,,,"    1"
"USW00023234","SAN FRANCISCO INTERNATIONAL AIRPORT, CA US","2021-07-24","11.41",,"0.00","61","70","55","  310","  300","21.0","25.9",,,,,
"USW00023234","SAN FRANCISCO INTERNATIONAL AIRPORT, CA US","2021-07-25","11.41",,"0.00","61","71","56","  310","  300","21.9","25.1",,,,,
"USW00023234","SAN FRANCISCO INTERNATIONAL AIRPORT, CA US","2021-07-26","7.38",,"0.00","62","75","57","  310",,"15.0",,,,,,
"USW00023234","SAN FRANCISCO INTERNATIONAL AIRPORT, CA US","2021-07-27","11.41",,"0.00","65","75","58","  310",,"23.9",,,,,,
"USW00023234","SAN FRANCISCO INTERNATIONAL AIRPORT, CA US","2021-07-28","14.09",,"0.00","63","74","56","  300","  300","29.1","32.0",,,,,
"USW00023234","SAN FRANCISCO INTERNATIONAL AIRPORT, CA US","2021-07-29","12.30",,"0.00","63","72","57","  310","  310","23.0","28.0",,,,,
"USW00023234","SAN FRANCISCO INTERNATIONAL AIRPORT, CA US","2021-07-30","12.08",,"0.00","62","71","56","  300","  310","23.0","28.0",,,,,
"USW00023234","SAN FRANCISCO INTERNATIONAL AIRPORT, CA US","2021-07-31","9.40",,"0.00","64","75","58","  300","  310","21.0","23.9",,,,,
"USW00023234","SAN FRANCISCO INTERNATIONAL AIRPORT, CA US","2021-08-01","10.51",,"0.00","64","73","58","  290","  290","23.9","29.1",,,,,
"USW00023234","SAN FRANCISCO INTERNATIONAL AIRPORT, CA US","2021-08-02","13.42",,"0.00","65","71","55","  290","  300","25.1","29.1",,,,,
"USW00023234","SAN FRANCISCO INTERNATIONAL AIRPORT, CA US","2021-08-03","12.75",,"0.00","60","68","55","  300","  310","23.9","29.1",,,,,
"USW00023234","SAN FRANCISCO INTERNATIONAL AIRPORT, CA US","2021-08-04","11.41",,"0.00","60","68","56","  290","  290","28.0","33.1",,,,,
"USW00023234","SAN FRANCISCO INTERNATIONAL AIRPORT, CA US","2021-08-05","13.87",,"0.00","61","68","58","  270","  270","28.0","35.1",,,,,
"USW00023234","SAN FRANCISCO INTERNATIONAL AIRPORT, CA US","2021-08-06","10.74",,"0.00","63","75","58","  300","  300","25.1","30.0",,,,,
"USW00023234","SAN FRANCISCO INTERNATIONAL AIRPORT, CA US","2021-08-07","9.84",,"0.00","62","75","56","  320","  320","23.0","27.1",,,,,
"USW00023234","SAN FRANCISCO INTERNATIONAL AIRPORT, CA US","2021-08-08","10.74",,"0.00","63","74","57","  300","  300","23.9","28.0",,,,,
"USW00023234","SAN FRANCISCO INTERNATIONAL AIRPORT, CA US","2021-08-09","9.40",,"0.00","63","75","57","  300","  300","23.9","28.0",,,,,
"USW00023234","SAN FRANCISCO INTERNATIONAL AIRPORT, CA US","2021-08-10","11.63",,"0.00","64","75","58","  300","  300","28.0","31.1",,,,,
"USW00023234","SAN FRANCISCO INTERNATIONAL AIRPORT, CA US","2021-08-11","15.43",,"0.00","62","70","57","  300","  300","28.0","32.0",,,,,
"USW00023234","SAN FRANCISCO INTERNATIONAL AIRPORT, CA US","2021-08-12","13.42",,"0.00","63","71","59","  300","  290","25.1","32.0",,,,,
"USW00023234","SAN FRANCISCO INTERNATIONAL AIRPORT, CA US","2021-08-13","12.53",,"0.00","63","71","58","  300","  310","23.0","30.0",,,,,
"USW00023234","SAN FRANCISCO INTERNATIONAL AIRPORT, CA US","2021-08-14","12.97",,"0.00","63","70","58","  300","  290","25.9","31.1",,,,,
"USW00023234","SAN FRANCISCO INTERNATIONAL AIRPORT, CA US","2021-08-15","13.42",,"0.00","63","71","58","  300","  300","25.9","32.0",,,,,
"USW00023234","SAN FRANCISCO INTERNATIONAL AIRPORT, CA US","2021-08-16","18.12",,"0.00","63","73","58","  270","  270","38.9","44.1",,,,,
"USW00023234","SAN FRANCISCO INTERNATIONAL AIRPORT, CA US","2021-08-17","10.51",,"0.00","65","76","59","  250","  280","23.9","33.1",,,,,
"USW00023234","SAN FRANCISCO INTERNATIONAL AIRPORT, CA US","2021-08-18","7.38",,"0.00","64","75","58","  300","  310","18.1","23.0",,,,,
"USW00023234","SAN FRANCISCO INTERNATIONAL AIRPORT, CA US","2021-08-19","8.72",,"0.00","65","73","59","  300","  290","23.0","27.1",,,,,
"USW00023234","SAN FRANCISCO INTERNATIONAL AIRPORT, CA US","2021-08-20","6.26",,"0.00","64","73","60","  310","  300","16.1","19.9",,,,,
"USW00023234","SAN FRANCISCO INTERNATIONAL AIRPORT, CA US","2021-08-21","10.74",,"0.00","64","71","59","  200","  210","21.9","25.9",,,,,
"USW00023234","SAN FRANCISCO INTERNATIONAL AIRPORT, CA US","2021-08-22","8.05",,"0.00","63","73","58","  330","  330","17.0","21.0",,,,,
"USW00023234","SAN FRANCISCO INTERNATIONAL AIRPORT, CA US","2021-08-23","6.71",,"0.00","62","73","56","  280","  290","16.1","19.0",,,,,
"USW00023234","SAN FRANCISCO INTERNATIONAL AIRPORT, CA US","2021-08-24","8.50",,"0.00","62","71","56","  300","  290","18.1","21.9",,,,,
"USW00023234","SAN FRANCISCO INTERNATIONAL AIRPORT, CA US","2021-08-25","11.18",,"0.00","62","69","56","  290","  290","23.9","28.0",,,,,"    1"
"USW00023234","SAN FRANCISCO INTERNATIONAL AIRPORT, CA US","2021-08-26","9.40",,"0.00","62","77","55","  300","  300","25.1","30.0",,,,,"    1"
"USW00023234","SAN FRANCISCO INTERNATIONAL AIRPORT, CA US","2021-08-27","9.17",,"0.00","67","88","59","  300","  290","21.0","23.9","    1",,,,"    1"
"USW00023234","SAN FRANCISCO INTERNATIONAL AIRPORT, CA US","2021-08-28","9.17",,"0.00","70","89","60","  300","  300","23.9","28.0",,,,,"    1"
"USW00023234","SAN FRANCISCO INTERNATIONAL AIRPORT, CA US","2021-08-29","13.87",,"0.00","66","75","58","  300","  300","25.1","31.1","    1",,,,"    1"
"USW00023234","SAN FRANCISCO INTERNATIONAL AIRPORT, CA US","2021-08-30","11.86",,"0.00","62","71","56","  300","  300","29.1","32.0","    1",,,,"    1"
"USW00023234","SAN FRANCISCO INTERNATIONAL AIRPORT, CA US","2021-08-31","8.50",,"0.00","63","74","55","  330","  320","23.9","27.1",,,,,"    1"
"USW00023234","SAN FRANCISCO INTERNATIONAL AIRPORT, CA US","2021-09-01","9.62",,"0.00","62","71","55","  260","  260","18.1","23.0",,,,,"    1"
"USW00023234","SAN FRANCISCO INTERNATIONAL AIRPORT, CA US","2021-09-02","8.50",,"0.00","61","69","57","  300","  280","21.9","25.1",,,,,"    1"
"USW00023234","SAN FRANCISCO INTERNATIONAL AIRPORT, CA US","2021-09-03","10.96",,"0.00","61","67","55","  300","  300","23.0","27.1",,,,,
"USW00023234","SAN FRANCISCO INTERNATIONAL AIRPORT, CA US","2021-09-04","11.63",,"0.00","60","73","54","  300","  300","25.1","29.1",,,,,
"USW00023234","SAN FRANCISCO INTERNATIONAL AIRPORT, CA US","2021-09-05","10.51",,"0.00","60","78","53","  310","  320","25.1","30.0","    1",,,,
"USW00023234","SAN FRANCISCO INTERNATIONAL AIRPORT, CA US","2021-09-06","10.51",,"0.00","63","82","55","  300","  300","21.9","25.9",,,,,
"USW00023234","SAN FRANCISCO INTERNATIONAL AIRPORT, CA US","2021-09-07","13.20",,"0.00","65","75","58","  300","  300","25.9","30.0",,,,,
"USW00023234","SAN FRANCISCO INTERNATIONAL AIRPORT, CA US","2021-09-08","15.43",,"0.00","65","75","60","  300","  300","29.1","32.0",,,,,
"USW00023234","SAN FRANCISCO INTERNATIONAL AIRPORT, CA US","2021-09-09","14.32",,"0.00","62","69","58","  340","  300","25.1","28.0",,,,,
"USW00023234","SAN FRANCISCO INTERNATIONAL AIRPORT, CA US","2021-09-10","11.86",,"0.00","62","68","59","  320","  310","21.0","25.9",,,"    1",,
"USW00023234","SAN FRANCISCO INTERNATIONAL AIRPORT, CA US","2021-09-11","12.30",,"0.00","62","70","57","  300","  300","25.1","29.1",,,,,
"USW00023234","SAN FRANCISCO INTERNATIONAL AIRPORT, CA US","2021-09-12","11.63",,"0.00","62","75","55","  300","  300","23.9","30.0",,,,,
"USW00023234","SAN FRANCISCO INTERNATIONAL AIRPORT, CA US","2021-09-13","13.20",,"0.00","63","72","58","  300","  300","23.0","28.0",,,,,
"USW00023234","SAN FRANCISCO INTERNATIONAL AIRPORT, CA US","2021-09-14","10.74",,"0.00","61","72","54","  300","  300","25.1","30.0",,,,,
"USW00023234","SAN FRANCISCO INTERNATIONAL AIRPORT, CA US","2021-09-15","8.72",,"0.00","61","70","57","  300","  300","21.0","23.0",,,,,
"USW00023234","SAN FRANCISCO INTERNATIONAL AIRPORT, CA US","2021-09-16","6.71",,"0.00","60","68","55","  260","  290","17.0","23.9",,,,,
"USW00023234","SAN FRANCISCO INTERNATIONAL AIRPORT, CA US","2021-09-17","8.50",,"0.00","61","70","55","  260","  220","16.1","19.9",,,,,
"USW00023234","SAN FRANCISCO INTERNATIONAL AIRPORT, CA US","2021-09-18","6.93",,"0.00","62","71","57","  250","  260","21.0","25.1",,,,,
"USW00023234","SAN FRANCISCO INTERNATIONAL AIRPORT, CA US","2021-09-19","13.20",,"0.00","65","71","60","  280","  280","25.9","32.0",,,,,
"USW00023234","SAN FRANCISCO INTERNATIONAL AIRPORT, CA US","2021-09-20","5.37",,"0.00","66","86","56","  290","  280","21.0","23.9",,,,,
"USW00023234","SAN FRANCISCO INTERNATIONAL AIRPORT, CA US","2021-09-21","6.26",,"0.00","73","90","62","  310","  300","16.1","19.0",,,,,
"USW00023234","SAN FRANCISCO INTERNATIONAL AIRPORT, CA US","2021-09-22","12.08",,"0.00","69","73","55","  300","  300","25.1","29.1",,,,,
"USW00023234","SAN FRANCISCO INTERNATIONAL AIRPORT, CA US","2021-09-23","9.40",,"0.00","61","82","54","  300","  300","28.0","31.1",,,,,
"USW00023234","SAN FRANCISCO INTERNATIONAL AIRPORT, CA US","2021-09-24","12.53",,"0.00","62","72","55","  300","  300","23.0","28.0",,,,,
"USW00023234","SAN FRANCISCO INTERNATIONAL AIRPORT, CA US","2021-09-25","10.96",,"0.00","61","67","57","  290","  290","21.9","28.0",,,,,
"USW00023234","SAN FRANCISCO INTERNATIONAL AIRPORT, CA US","2021-09-26","12.30",,"0.00","61","66","59","  290","  280","23.9","30.0",,,,,
"USW00023234","SAN FRANCISCO INTERNATIONAL AIRPORT, CA US","2021-09-27","9.62",,"0.00","63","72","59","  290","  290","23.9","27.1","    1",,,,
"USW00023234","SAN FRANCISCO INTERNATIONAL AIRPORT, CA US","2021-09-28","15.21",,"0.00","63","71","57","  280","  280","35.1","40.0",,,,,"    1"
"USW00023234","SAN FRANCISCO INTERNATIONAL AIRPORT, CA US","2021-09-29","8.95",,"0.00","61","73","53","  290","  280","25.1","30.0","    1",,,,"    1"
"USW00023234","SAN FRANCISCO INTERNATIONAL AIRPORT, CA US","2021-09-30","6.93",,"0.00","63","83","54","  300","  300","21.0","21.9",,,,,"    1"
"USW00023234","SAN FRANCISCO INTERNATIONAL AIRPORT, CA US","2021-10-01","8.05",,"0.00","66","80","56","  300","  300","21.0","23.9",,,,,"    1"
"USW00023234","SAN FRANCISCO INTERNATIONAL AIRPORT, CA US","2021-10-02","7.61",,"0.00","66","82","57","  300","  310","19.9","21.9",,,,,"    1"
"USW00023234","SAN FRANCISCO INTERNATIONAL AIRPORT, CA US","2021-10-03","7.38",,"0.00","67","87","57","  300","  290","18.1","19.9",,,,,"    1"
"USW00023234","SAN FRANCISCO INTERNATIONAL AIRPORT, CA US","2021-10-04","8.50",,"0.00","68","79","55","  300","  300","21.9","23.9",,,,,
"USW00023234","SAN FRANCISCO INTERNATIONAL AIRPORT, CA US","2021-10-05","11.41",,"0.00","60","68","54","  300","  300","25.1","33.1",,,,,
"USW00023234","SAN FRANCISCO INTERNATIONAL AIRPORT, CA US","2021-10-06","10.07",,"0.00","60","66","56","  280","  290","21.9","23.9",,,,,
"USW00023234","SAN FRANCISCO INTERNATIONAL AIRPORT, CA US","2021-10-07","13.20",,"0.00","58","62","56","  270","  270","23.0","27.1",,,,,
"USW00023234","SAN FRANCISCO INTERNATIONAL AIRPORT, CA US","2021-10-08","15.21",,"0.00","58","64","55","  280","  270","25.9","32.0",,,,,
"USW00023234","SAN FRANCISCO INTERNATIONAL AIRPORT, CA US","2021-10-09","7.61",,"0.00","60","72","55","  290","  280","23.9","28.0",,,,,
"USW00023234","SAN FRANCISCO INTERNATIONAL AIRPORT, CA US","2021-10-10","13.65",,"0.00","60","72","52","  280","  280","32.0","38.0",,,,,
"USW00023234","SAN FRANCISCO INTERNATIONAL AIRPORT, CA US","2021-10-11","19.91",,"0.00","59","64","54","  290","  290","32.0","40.0",,,,,
"USW00023234","SAN FRANCISCO INTERNATIONAL AIRPORT, CA US","2021-10-12","17.22",,"0.00","60","67","51","  280","  290","29.1","35.1",,,,,
"USW00023234","SAN FRANCISCO INTERNATIONAL AIRPORT, CA US","2021-10-13","8.72",,"0.00","56","62","50","  280","  300","21.0","23.9",,,,,
"USW00023234","SAN FRANCISCO INTERNATIONAL AIRPORT, CA US","2021-10-14","5.82",,"0.00","57","74","50","  290","  290","21.9","23.9",,,,,
"USW00023234","SAN FRANCISCO INTERNATIONAL AIRPORT, CA US","2021-10-15","4.03",,"0.00","61","79","51","  290","  290","15.0","17.0",,,,,
"USW00023234","SAN FRANCISCO INTERNATIONAL AIRPORT, CA US","2021-10-16","5.14",,"0.00","64","83","54","  290","  290","17.0","21.0",,,,,
"USW00023234","SAN FRANCISCO INTERNATIONAL AIRPORT, CA US","2021-10-17","9.84",,"0.03","63","70","53","  230","  220","29.1","36.9","    1",,,,"    1"
"USW00023234","SAN FRANCISCO INTERNATIONAL AIRPORT, CA US","2021-10-18","10.96",,"0.00","56","61","51","  280","  250","17.0","21.9",,,,,"    1"
"USW00023234","SAN FRANCISCO INTERNATIONAL AIRPORT, CA US","2021-10-19","9.17",,"0.00","55","67","48","  180","  170","25.9","32.0","    1",,,,"    1"
"USW00023234","SAN FRANCISCO INTERNATIONAL AIRPORT, CA US","2021-10-20","8.28",,"0.29","60","67","55","  190","  190","19.9","25.9","    1",,,,"    1"
"USW00023234","SAN FRANCISCO INTERNATIONAL AIRPORT, CA US","2021-10-21","8.28",,"0.44","63","70","61","  170","  170","23.9","27.1","    1",,,,"    1"
"USW00023234","SAN FRANCISCO INTERNATIONAL AIRPORT, CA US","2021-10-22","9.17",,"0.46","63","65","56","  280","  280","25.1","31.1","    1",,,,"    1"
"USW00023234","SAN FRANCISCO INTERNATIONAL AIRPORT, CA US","2021-10-23","8.50",,"0.26","59","65","54","  140","  160","17.0","21.9","    1",,,,"    1"
"USW00023234","SAN FRANCISCO INTERNATIONAL AIRPORT, CA US","2021-10-24","22.82",,"4.02","62","65","57","  190","  180","44.1","59.9","    1",,,,
"USW00023234","SAN FRANCISCO INTERNATIONAL AIRPORT, CA US","2021-10-25","12.30",,"0.34","59","63","54","  270","  250","23.9","29.1","    1",,,,"    1"
"USW00023234","SAN FRANCISCO INTERNATIONAL AIRPORT, CA US","2021-10-26","5.82",,"0.00","58","64","54","   90","  110","10.1","12.1","    1",,,,"    1"
"USW00023234","SAN FRANCISCO INTERNATIONAL AIRPORT, CA US","2021-10-27","6.71",,"0.00","61","71","56","  290","  290","17.0","21.0","    1",,,,"    1"
"USW00023234","SAN FRANCISCO INTERNATIONAL AIRPORT, CA US","2021-10-28","4.25",,"0.00","63","75","57","  290","  290","19.9","21.9","    1",,,,"    1"
"USW00023234","SAN FRANCISCO INTERNATIONAL AIRPORT, CA US","2021-10-29","7.61",,"0.00","63","73","56","  290","  290","23.0","27.1","    1",,,,"    1"
"USW00023234","SAN FRANCISCO INTERNATIONAL AIRPORT, CA US","2021-10-30","6.26",,"0.00","60","64","57","  260","  260","19.9","21.9","    1",,,,"    1"
"USW00023234","SAN FRANCISCO INTERNATIONAL AIRPORT, CA US","2021-10-31","4.70",,"0.00","59","63","56","  130","  140","10.1","11.0",,,,,"    1"
"USW00023234","SAN FRANCISCO INTERNATIONAL AIRPORT, CA US","2021-11-01","6.93",,"0.13","61","66","60","  180","  200","19.9","28.0","    1",,,,"    1"
"USW00023234","SAN FRANCISCO INTERNATIONAL AIRPORT, CA US","2021-11-02","5.37",,"0.00","62","66","59","   30","   30","12.1","13.0","    1",,,,"    1"
"USW00023234","SAN FRANCISCO INTERNATIONAL AIRPORT, CA US","2021-11-03","4.70",,"0.00","60","71","55","  280","  280","16.1","19.0","    1",,,,"    1"
"USW00023234","SAN FRANCISCO INTERNATIONAL AIRPORT, CA US","2021-11-04","10.96",,"0.06","64","65","56","  280","  290","21.0","25.1","    1",,,,"    1"
"USW00023234","SAN FRANCISCO INTERNATIONAL AIRPORT, CA US","2021-11-05","7.83",,"0.00","58","65","53","  280","  280","23.0","27.1","    1",,,,"    1"
"USW00023234","SAN FRANCISCO INTERNATIONAL AIRPORT, CA US","2021-11-06","8.50",,"0.00","58","63","54","  290","  290","18.1","23.0","    1",,,,"    1"
"USW00023234","SAN FRANCISCO INTERNATIONAL AIRPORT, CA US","2021-11-07","8.72",,"0.00","56","62","47","  290","  300","18.1","21.9",,,,,"    1"
"USW00023234","SAN FRANCISCO INTERNATIONAL AIRPORT, CA US","2021-11-08","7.38",,"0.28","54","63","48","  140","  140","30.0","36.0","    1",,,,"    1"
"USW00023234","SAN FRANCISCO INTERNATIONAL AIRPORT, CA US","2021-11-09","8.50",,"0.15","58","65","52","  140","  140","18.1","21.9","    1",,,,"    1"
"USW00023234","SAN FRANCISCO INTERNATIONAL AIRPORT, CA US","2021-11-10","5.37",,"0.00","60","65","56","  280","  290","16.1","18.1","    1",,,,"    1"
"USW00023234","SAN FRANCISCO INTERNATIONAL AIRPORT, CA US","2021-11-11","2.68",,"0.00","59","68","53","  300","  300","8.9","12.1","    1",,,,"    1"
"USW00023234","SAN FRANCISCO INTERNATIONAL AIRPORT, CA US","2021-11-12","3.80",,"0.00","60","71","54","  290","  290","15.0","18.1","    1",,,,"    1"
"USW00023234","SAN FRANCISCO INTERNATIONAL AIRPORT, CA US","2021-11-13","3.36",,"0.00","60","66","54","  290","  290","15.0","16.1","    1","    1",,,"    1"
"USW00023234","SAN FRANCISCO INTERNATIONAL AIRPORT, CA US","2021-11-14","5.37",,"0.00","60","66","55","   30","   30","13.0","14.1","    1",,,,"    1"
"USW00023234","SAN FRANCISCO INTERNATIONAL AIRPORT, CA US","2021-11-15","5.82",,"0.00","59","61","55","  290","  290","19.9","23.9","    1",,,,"    1"
"USW00023234","SAN FRANCISCO INTERNATIONAL AIRPORT, CA US","2021-11-16","6.93",,"0.00","58","63","53","  290","  290","18.1","21.9","    1",,,,
"USW00023234","SAN FRANCISCO INTERNATIONAL AIRPORT, CA US","2021-11-17","2.46",,"0.00","57","67","49","   60","   50","12.1","13.0","    1",,,,"    1"
"USW00023234","SAN FRANCISCO INTERNATIONAL AIRPORT, CA US","2021-11-18","4.25",,"0.00","56","61","51","  280","  310","15.0","17.0","    1",,,,"    1"
"USW00023234","SAN FRANCISCO INTERNATIONAL AIRPORT, CA US","2021-11-19","4.70",,"0.01","56","61","53","  280","  290","16.1","19.0","    1",,,,"    1"
"USW00023234","SAN FRANCISCO INTERNATIONAL AIRPORT, CA US","2021-11-20","5.82",,"0.00","58","66","51","  290","  290","16.1","18.1","    1",,,,"    1"
"USW00023234","SAN FRANCISCO INTERNATIONAL AIRPORT, CA US","2021-11-21","5.14",,"0.00","57","68","48","   60","   60","21.0","23.0","    1",,,,"    1"
"USW00023234","SAN FRANCISCO INTERNATIONAL AIRPORT, CA US","2021-11-22","3.13",,"0.00","57","66","47","  350","  140","6.9","8.9","    1",,,,"    1"
"USW00023234","SAN FRANCISCO INTERNATIONAL AIRPORT, CA US","2021-11-23","8.50",,"0.00","56","63","48","  290","  290","18.1","21.9","    1",,,,"    1"
"USW00023234","SAN FRANCISCO INTERNATIONAL AIRPORT, CA US","2021-11-24","2.01",,"0.00","55","66","46","  350","   10","8.9","14.1","    1",,,,"    1"
"USW00023234","SAN FRANCISCO INTERNATIONAL AIRPORT, CA US","2021-11-25","3.80",,"0.00","56","64","46","   60","   60","13.0","13.0",,,,,"    1"
"USW00023234","SAN FRANCISCO INTERNATIONAL AIRPORT, CA US","2021-11-26","5.59",,"0.00","56","66","49","  290","  310","18.1","21.9","    1",,,,"    1"
"USW00023234","SAN FRANCISCO INTERNATIONAL AIRPORT, CA US","2021-11-27","2.46",,"0.00","55","67","48","  290","  290","10.1","13.0","    1",,,,"    1"
"USW00023234","SAN FRANCISCO INTERNATIONAL AIRPORT, CA US","2021-11-28","2.01",,"0.00","58","70","51","   30","   30","8.9","11.0",,,,,"    1"
"USW00023234","SAN FRANCISCO INTERNATIONAL AIRPORT, CA US","2021-11-29","4.70",,"0.00","58","67","51","  300","  300","18.1","19.9","    1",,,,"    1"
"USW00023234","SAN FRANCISCO INTERNATIONAL AIRPORT, CA US","2021-11-30","1.57",,"0.00","56","66","49","   30","   50","6.9","8.9","    1","    1",,,"    1"
"USW00023234","SAN FRANCISCO INTERNATIONAL AIRPORT, CA US","2021-12-01","2.91",,"0.00","59","70","49","  130","  130","10.1","12.1","    1",,,,"    1"
"USW00023234","SAN FRANCISCO INTERNATIONAL AIRPORT, CA US","2021-12-02","4.92",,"0.00","58","62","49","  300","  290","18.1","23.0","    1",,,,"    1"
"USW00023234","SAN FRANCISCO INTERNATIONAL AIRPORT, CA US","2021-12-03","4.03",,"0.00","54","56","51","  180","  180","8.9","11.0","    1",,,,"    1"
"USW00023234","SAN FRANCISCO INTERNATIONAL AIRPORT, CA US","2021-12-04","6.26",,"0.00","55","58","53","  290","  300","18.1","21.9","    1",,,,"    1"
"USW00023234","SAN FRANCISCO INTERNATIONAL AIRPORT, CA US","2021-12-05","5.59",,"0.00","53","58","49","  290","  290","17.0","21.0","    1",,,,"    1"
"USW00023234","SAN FRANCISCO INTERNATIONAL AIRPORT, CA US","2021-12-06","4.25",,"0.02","53","55","50","   30","   30","12.1","13.0","    1",,,,"    1"
"USW00023234","SAN FRANCISCO INTERNATIONAL AIRPORT, CA US","2021-12-07","5.37",,"0.05","54","60","51","  300","  290","21.9","25.1","    1",,,,"    1"
"USW00023234","SAN FRANCISCO INTERNATIONAL AIRPORT, CA US","2021-12-08","7.38",,"0.00","54","56","51","  290","  290","17.0","19.9","    1",,,,"    1"
"USW00023234","SAN FRANCISCO INTERNATIONAL AIRPORT, CA US","2021-12-09","12.30",,"0.01","54","57","46","  290","  290","28.0","33.1",,,,,"    1"
"USW00023234","SAN FRANCISCO INTERNATIONAL AIRPORT, CA US","2021-12-10","3.80",,"0.00","49","57","42","  290","  290","14.1","15.0",,,,,"    1"
"USW00023234","SAN FRANCISCO INTERNATIONAL AIRPORT, CA US","2021-12-11","5.14",,"0.00","48","56","39","  280","  310","16.1","19.0",,,,,
"USW00023234","SAN FRANCISCO INTERNATIONAL AIRPORT, CA US","2021-12-12","12.08",,"0.70","51","56","48","  170","  160","23.0","31.1","    1",,,,"    1"
"USW00023234","SAN FRANCISCO INTERNATIONAL AIRPORT, CA US","2021-12-13","14.99",,"3.14","54","61","46","  220","  210","36.9","46.1","    1",,,,"    1"
"USW00023234","SAN FRANCISCO INTERNATIONAL AIRPORT, CA US","2021-12-14","10.51",,"0.21","49","52","43","  280","  290","23.0","25.9","    1",,,,
"USW00023234","SAN FRANCISCO INTERNATIONAL AIRPORT, CA US","2021-12-15","16.78",,"0.36","48","56","44","  200","  190","36.0","47.0","    1",,,,"    1"
"USW00023234","SAN FRANCISCO INTERNATIONAL AIRPORT, CA US","2021-12-16","7.61",,"0.28","53","57","48","  290","  290","19.9","25.1","    1",,,,"    1"
"USW00023234","SAN FRANCISCO INTERNATIONAL AIRPORT, CA US","2021-12-17","5.82",,"0.00","49","55","43","  290","  130","14.1","17.0",,,,,
"USW00023234","SAN FRANCISCO INTERNATIONAL AIRPORT, CA US","2021-12-18","4.70",,"0.00","47","52","41","   60","   50","15.0","17.0","    1",,,,"    1"
"USW00023234","SAN FRANCISCO INTERNATIONAL AIRPORT, CA US","2021-12-19","4.70",,"0.00","45","50","41","   80","   80","15.0","18.1","    1",,,,"    1"
"USW00023234","SAN FRANCISCO INTERNATIONAL AIRPORT, CA US","2021-12-20","10.51",,"0.00","48","54","45","   60","   70","19.9","21.0",,,,,"    1"
"USW00023234","SAN FRANCISCO INTERNATIONAL AIRPORT, CA US","2021-12-21","8.28",,"0.25","47","52","42","   70","   60","19.9","21.9","    1",,,,"    1"
"USW00023234","SAN FRANCISCO INTERNATIONAL AIRPORT, CA US","2021-12-22","6.26",,"0.80","49","59","47","  190","  180","18.1","23.9","    1",,,,
"USW00023234","SAN FRANCISCO INTERNATIONAL AIRPORT, CA US","2021-12-23","9.40",,"1.92","55","59","53","  200","  200","25.9","34.0","    1",,,,"    1"
"USW00023234","SAN FRANCISCO INTERNATIONAL AIRPORT, CA US","2021-12-24","10.96",,"0.13","54","55","48","  280","  300","23.0","28.0","    1",,,,"    1"
"USW00023234","SAN FRANCISCO INTERNATIONAL AIRPORT, CA US","2021-12-25","13.42",,"0.70","52","55","46","  230","  220","29.1","36.0","    1",,,,"    1"
"USW00023234","SAN FRANCISCO INTERNATIONAL AIRPORT, CA US","2021-12-26","9.17",,"0.06","48","52","43","  290","  280","32.0","38.9",,,,,"    1"
"USW00023234","SAN FRANCISCO INTERNATIONAL AIRPORT, CA US","2021-12-27","12.53",,"0.36","49","52","45","  310","  300","25.9","35.1","    1",,,,"    1"
"USW00023234","SAN FRANCISCO INTERNATIONAL AIRPORT, CA US","2021-12-28","7.61",,"0.00","46","49","44","  290","  290","16.1","19.0",,,,,"    1"
"USW00023234","SAN FRANCISCO INTERNATIONAL AIRPORT, CA US","2021-12-29","8.95",,"0.82","48","51","45","   40","   40","17.0","19.0","    1",,,,
"USW00023234","SAN FRANCISCO INTERNATIONAL AIRPORT, CA US","2021-12-30","8.72",,"0.00","47","53","45","  290","  300","16.1","19.0",,,,,
"USW00023234","SAN FRANCISCO INTERNATIONAL AIRPORT, CA US","2021-12-31","7.61",,"0.00","48","54","41","  290","  280","23.0","27.1",,,,,
